open_timestamp_utc,close_timestamp_utc,open,high,low,close,volume
1512086400,1512172799,0.00092000,0.01500000,0.00092000,0.00114000,41997.80000000
1512172800,1512259199,0.00114000,0.00116760,0.00105500,0.00116000,14400.51000000
1512259200,1512345599,0.00118000,0.00125000,0.00108000,0.00112340,8347.80000000
1512345600,1512431999,0.00110800,0.00117770,0.00109700,0.00113680,6221.46000000
1512432000,1512518399,0.00113680,0.00123630,0.00106110,0.00119800,13779.90000000
1512518400,1512604799,0.00119970,0.00149850,0.00113990,0.00134910,32794.80000000
1512604800,1512691199,0.00132180,0.00147500,0.00082200,0.00106300,21049.66000000
1512691200,1512777599,0.00105000,0.00189300,0.00091000,0.00162140,107287.04000000
1512777600,1512863999,0.00162000,0.00220200,0.00158010,0.00189720,58897.68000000
1512864000,1512950399,0.00189720,0.00196490,0.00135700,0.00156480,43568.70000000
1512950400,1513036799,0.00162980,0.29000000,0.00137000,0.00199880,53581.82000000
1513036800,1513123199,0.00196950,0.00300000,0.00194040,0.00222690,117151.38000000
1513123200,1513209599,0.00222690,0.00232990,0.00204060,0.00220550,39098.69000000
1513209600,1513295999,0.00223740,0.00267500,0.00220700,0.00258400,49195.19000000
1513296000,1513382399,0.00258400,0.00279880,0.00215000,0.00269800,47229.82000000
1513382400,1513468799,0.00269580,0.00285000,0.00240000,0.00241000,46105.04000000
1513468800,1513555199,0.00241000,0.00263510,0.00220010,0.00226160,41104.05000000
1513555200,1513641599,0.00226150,0.00259900,0.00221150,0.00253250,33111.36000000
1513641600,1513727999,0.00253340,0.00271420,0.00224400,0.00246810,53304.32000000
1513728000,1513814399,0.00246740,0.00262990,0.00222000,0.00259740,29193.48000000
1513814400,1513900799,0.00259740,0.00261890,0.00232800,0.00236090,49043.47000000
1513900800,1513987199,0.00236090,0.00259610,0.00219500,0.00249500,58267.67000000
1513987200,1514073599,0.00249240,0.00285000,0.00247740,0.00250000,30037.56000000
1514073600,1514159999,0.00250010,0.00292700,0.00236610,0.00260350,24956.95000000
1514160000,1514246399,0.00262310,0.00311420,0.00255700,0.00311420,28106.02000000
1514246400,1514332799,0.00311120,0.00312400,0.00235000,0.00238790,37861.65000000
1514332800,1514419199,0.00238790,0.00240760,0.00210000,0.00230020,41989.36000000
1514419200,1514505599,0.00230020,0.00249290,0.00197700,0.00249180,37132.31000000
1514505600,1514591999,0.00249200,0.00290900,0.00245030,0.00266100,38665.65000000
1514592000,1514678399,0.00266100,0.00295200,0.00260000,0.00288610,31014.69000000
1514678400,1514764799,0.00288600,0.00319360,0.00275000,0.00291910,22810.24000000
1514764800,1514851199,0.00292190,0.00323900,0.00285010,0.00314800,19136.86000000
1514851200,1514937599,0.00314800,0.00330250,0.00266000,0.00308520,29128.59000000
1514937600,1515023999,0.00305440,0.00800000,0.00277010,0.00342290,159474.95000000
1515024000,1515110399,0.00344570,0.00350760,0.00288370,0.00302780,65269.67000000
1515110400,1515196799,0.00302230,0.00318590,0.00230000,0.00244940,51691.29000000
1515196800,1515283199,0.00245480,0.00263900,0.00230000,0.00247190,40823.31000000
1515283200,1515369599,0.00249000,0.00410000,0.00243790,0.00337990,129253.42000000
1515369600,1515455999,0.00337970,0.00597670,0.00321600,0.00386100,247703.28000000
1515456000,1515542399,0.00386100,0.00398180,0.00359460,0.00363030,67793.71000000
1515542400,1515628799,0.00363030,0.00380000,0.00339000,0.00354160,43248.66000000
1515628800,1515715199,0.00354170,0.00374090,0.00326000,0.00359000,43794.79000000
1515715200,1515801599,0.00359940,0.00380000,0.00350000,0.00358240,25037.39000000
1515801600,1515887999,0.00358240,0.00375000,0.00340000,0.00356350,32153.26000000
1515888000,1515974399,0.00356290,0.00375000,0.00309290,0.00353370,41426.64000000
1515974400,1516060799,0.00353370,0.00360000,0.00280200,0.00337000,36912.06000000
1516060800,1516147199,0.00337000,0.00390000,0.00303930,0.00332690,130168.11000000
1516147200,1516233599,0.00332670,0.00375000,0.00308200,0.00364580,47821.56000000
1516233600,1516319999,0.00364580,0.00390000,0.00356310,0.00377130,49433.33000000
1516320000,1516406399,0.00379710,0.00383990,0.00357620,0.00371940,25776.98000000
1516406400,1516492799,0.00371940,0.00390000,0.00330010,0.00389290,38185.43000000
1516492800,1516579199,0.00389750,0.00390000,0.00360200,0.00386000,20587.36000000
1516579200,1516665599,0.00385720,0.00390000,0.00369000,0.00387000,34256.07000000
1516665600,1516751999,0.00388070,0.00447000,0.00387120,0.00437880,60358.98000000
1516752000,1516838399,0.00437880,0.00489990,0.00424920,0.00426510,73714.70000000
1516838400,1516924799,0.00426400,0.00454320,0.00416680,0.00439890,29527.31000000
1516924800,1517011199,0.00439890,0.00508610,0.00439530,0.00477900,49643.02000000
1517011200,1517097599,0.00477900,0.00592000,0.00433730,0.00545000,77057.86000000
1517097600,1517183999,0.00546370,0.00650000,0.00497000,0.00640000,155019.05000000
1517184000,1517270399,0.00642230,0.00650000,0.00582000,0.00614400,59258.84000000
1517270400,1517356799,0.00614410,0.00690000,0.00591600,0.00664620,71625.24000000
1517356800,1517443199,0.00668050,0.00790100,0.00340200,0.00700790,209780.96000000
1517443200,1517529599,0.00698500,0.00714590,0.00580000,0.00688000,76380.06000000
1517529600,1517615999,0.00688000,0.00694800,0.00550170,0.00601640,63344.77000000
1517616000,1517702399,0.00601660,0.00675000,0.00600000,0.00643000,43677.44000000
1517702400,1517788799,0.00649460,0.00649460,0.00521110,0.00562550,82059.17000000
1517788800,1517875199,0.00562550,0.00564550,0.00480000,0.00523160,77194.46000000
1517875200,1517961599,0.00523160,0.00550000,0.00320000,0.00507250,193473.65000000
1517961600,1518047999,0.00509150,0.00530000,0.00311110,0.00428570,145918.14000000
1518048000,1518134399,0.00428600,0.00437970,0.00428600,0.00435180,1479.07000000
1518134400,1518220799,0.00435510,0.00469800,0.00295050,0.00381700,212847.19000000
1518220800,1518307199,0.00381650,0.00394790,0.00299000,0.00302700,343438.31000000
1518307200,1518393599,0.00302700,0.00328960,0.00275000,0.00300000,302040.50000000
1518393600,1518479999,0.00299990,0.00396000,0.00298520,0.00335190,580948.24000000
1518480000,1518566399,0.00334530,0.00337790,0.00300000,0.00310750,149580.43000000
1518566400,1518652799,0.00310770,0.00314340,0.00269580,0.00276600,245654.06000000
1518652800,1518739199,0.00276600,0.00278750,0.00235000,0.00263470,307264.71000000
1518739200,1518825599,0.00263450,0.00344000,0.00250000,0.00304190,523404.41000000
1518825600,1518911999,0.00304170,0.00304170,0.00269300,0.00273850,196963.22000000
1518912000,1518998399,0.00273930,0.00281300,0.00252050,0.00257060,130558.78000000
1518998400,1519084799,0.00257700,0.00271990,0.00244700,0.00247000,101059.41000000
1519084800,1519171199,0.00247000,0.00258000,0.00213950,0.00219640,121380.22000000
1519171200,1519257599,0.00219830,0.00243800,0.00207070,0.00223390,134971.93000000
1519257600,1519343999,0.00223790,0.00249600,0.00216000,0.00222050,131651.04000000
1519344000,1519430399,0.00222490,0.00246350,0.00217000,0.00228620,97733.94000000
1519430400,1519516799,0.00228650,0.00232350,0.00212290,0.00217200,105362.63000000
1519516800,1519603199,0.00217200,0.00227940,0.00217010,0.00225220,76291.23000000
1519603200,1519689599,0.00225220,0.00229390,0.00201180,0.00211000,88485.94000000
1519689600,1519775999,0.00211100,0.00214420,0.00200000,0.00200400,66247.64000000
1519776000,1519862399,0.00200810,0.00203030,0.00170000,0.00174220,152745.55000000
1519862400,1519948799,0.00174220,0.00242060,0.00170000,0.00206690,422066.54000000
1519948800,1520035199,0.00206190,0.00221490,0.00190000,0.00191540,214302.70000000
1520035200,1520121599,0.00191540,0.00200000,0.00175000,0.00179510,91681.83000000
1520121600,1520207999,0.00179160,0.00191750,0.00178010,0.00182560,96221.51000000
1520208000,1520294399,0.00181940,0.00202100,0.00180440,0.00182500,165609.20000000
1520294400,1520380799,0.00182990,0.00192150,0.00175000,0.00185020,83917.81000000
1520380800,1520467199,0.00184360,0.00186960,0.00162490,0.00179470,103608.18000000
1520467200,1520553599,0.00179470,0.00183940,0.00162660,0.00168990,95761.66000000
1520553600,1520639999,0.00168990,0.00180010,0.00151590,0.00169070,99628.74000000
1520640000,1520726399,0.00168350,0.00197770,0.00167280,0.00178720,118620.57000000
1520726400,1520812799,0.00178870,0.00179960,0.00170370,0.00174740,51641.44000000
1520812800,1520899199,0.00174850,0.00188880,0.00166760,0.00183810,71616.73000000
1520899200,1520985599,0.00183810,0.00226020,0.00183160,0.00207400,358578.41000000
1520985600,1521071999,0.00207400,0.00209490,0.00188900,0.00196950,101389.43000000
1521072000,1521158399,0.00196940,0.00199000,0.00184810,0.00192760,60069.25000000
1521158400,1521244799,0.00191690,0.00199000,0.00185300,0.00186740,35368.04000000
1521244800,1521331199,0.00186690,0.00189730,0.00177500,0.00178240,40370.05000000
1521331200,1521417599,0.00178250,0.00188000,0.00153500,0.00185210,100024.51000000
1521417600,1521503999,0.00185130,0.00192300,0.00170000,0.00179100,114142.04000000
1521504000,1521590399,0.00179720,0.00186920,0.00173850,0.00180370,61101.56000000
1521590400,1521676799,0.00179540,0.00188000,0.00173020,0.00174950,56745.75000000
1521676800,1521763199,0.00176290,0.00180020,0.00161000,0.00170420,54944.98000000
1521763200,1521849599,0.00170460,0.00185000,0.00162240,0.00178050,75320.02000000
1521849600,1521935999,0.00176370,0.00183870,0.00168930,0.00177830,70150.34000000
1521936000,1522022399,0.00177830,0.00192360,0.00177820,0.00182510,100454.88000000
1522022400,1522108799,0.00182510,0.00188000,0.00178870,0.00186390,59692.87000000
1522108800,1522195199,0.00186390,0.00195810,0.00179360,0.00193120,95704.57000000
1522195200,1522281599,0.00193380,0.00193750,0.00181190,0.00184110,62150.94000000
1522281600,1522367999,0.00184000,0.00186390,0.00178870,0.00178880,71895.02000000
1522368000,1522454399,0.00178880,0.00181980,0.00166500,0.00172000,83595.35000000
1522454400,1522540799,0.00172000,0.00179750,0.00170040,0.00175310,48705.93000000
1522540800,1522627199,0.00175290,0.00178900,0.00165670,0.00166900,40339.92000000
1522627200,1522713599,0.00166900,0.00173700,0.00163000,0.00166420,48695.56000000
1522713600,1522799999,0.00166310,0.00185000,0.00164630,0.00179770,96215.37000000
1522800000,1522886399,0.00180540,0.00180890,0.00163280,0.00173700,85159.41000000
1522886400,1522972799,0.00173700,0.00179060,0.00166700,0.00174700,61601.13000000
1522972800,1523059199,0.00174500,0.00178880,0.00171170,0.00172660,27562.97000000
1523059200,1523145599,0.00172500,0.00180000,0.00171760,0.00175270,24290.73000000
1523145600,1523231999,0.00175270,0.00186500,0.00170080,0.00173200,84754.76000000
1523232000,1523318399,0.00173200,0.00175320,0.00169200,0.00171980,40440.85000000
1523318400,1523404799,0.00172990,0.00178560,0.00165660,0.00170990,73772.33000000
1523404800,1523491199,0.00170990,0.00175930,0.00168880,0.00174550,46346.10000000
1523491200,1523577599,0.00174820,0.00178980,0.00165660,0.00175720,84880.12000000
1523577600,1523663999,0.00175490,0.00204890,0.00175300,0.00191370,178501.96000000
1523664000,1523750399,0.00191220,0.00203990,0.00187600,0.00202250,58878.76000000
1523750400,1523836799,0.00202220,0.00204890,0.00194290,0.00199000,56017.27000000
1523836800,1523923199,0.00198950,0.00287070,0.00195180,0.00262940,802701.58000000
1523923200,1524009599,0.00261800,0.00337600,0.00258640,0.00294990,1053664.23000000
1524009600,1524095999,0.00294990,0.00305000,0.00278300,0.00287300,170553.28000000
1524096000,1524182399,0.00287820,0.00310000,0.00286510,0.00293410,119369.53000000
1524182400,1524268799,0.00293210,0.00324330,0.00283000,0.00318120,227448.43000000
1524268800,1524355199,0.00318120,0.00335000,0.00290100,0.00307340,270919.81000000
1524355200,1524441599,0.00307340,0.00309890,0.00293490,0.00297030,133945.46000000
1524441600,1524527999,0.00297030,0.00297030,0.00260020,0.00269310,216506.72000000
1524528000,1524614399,0.00269310,0.00294990,0.00265730,0.00268080,239123.97000000
1524614400,1524700799,0.00268080,0.00270940,0.00236000,0.00242150,226991.43000000
1524700800,1524787199,0.00242760,0.00262720,0.00240000,0.00257250,165318.13000000
1524787200,1524873599,0.00257250,0.00265790,0.00235800,0.00239400,185262.80000000
1524873600,1524959999,0.00239940,0.00263000,0.00239080,0.00255940,155800.54000000
1524960000,1525046399,0.00256500,0.00282600,0.00250000,0.00278070,212012.78000000
1525046400,1525132799,0.00278080,0.00286000,0.00255220,0.00265530,189701.28000000
1525132800,1525219199,0.00265610,0.00270330,0.00249820,0.00258490,127652.79000000
1525219200,1525305599,0.00258420,0.00268500,0.00254990,0.00260020,156483.36000000
1525305600,1525391999,0.00260020,0.00266000,0.00221000,0.00228100,267557.50000000
1525392000,1525478399,0.00228650,0.00243300,0.00215580,0.00217820,220005.37000000
1525478400,1525564799,0.00216810,0.00232140,0.00202510,0.00213450,399389.36000000
1525564800,1525651199,0.00213460,0.00235000,0.00200990,0.00205140,303980.36000000
1525651200,1525737599,0.00205150,0.00227400,0.00195500,0.00221310,274860.32000000
1525737600,1525823999,0.00220070,0.00233450,0.00201540,0.00212680,251409.76000000
1525824000,1525910399,0.00212420,0.00220000,0.00205900,0.00210900,115423.82000000
1525910400,1525996799,0.00210130,0.00211610,0.00190000,0.00190060,238939.56000000
1525996800,1526083199,0.00190310,0.00196000,0.00169370,0.00173400,266299.65000000
1526083200,1526169599,0.00173900,0.00193510,0.00172690,0.00182370,123133.71000000
1526169600,1526255999,0.00182370,0.00192140,0.00180460,0.00188350,83313.77000000
1526256000,1526342399,0.00187800,0.00191000,0.00174300,0.00179510,130828.96000000
1526342400,1526428799,0.00180180,0.00216420,0.00178210,0.00207420,1476745.57000000
1526428800,1526515199,0.00207410,0.00219550,0.00177800,0.00184900,2324965.68000000
1526515200,1526601599,0.00184900,0.00204000,0.00184000,0.00186430,2071854.71000000
1526601600,1526687999,0.00186430,0.00219990,0.00183330,0.00218170,1896843.05000000
1526688000,1526774399,0.00218220,0.00232900,0.00206590,0.00220480,1666024.45000000
1526774400,1526860799,0.00220480,0.00220620,0.00202690,0.00208660,1601463.18000000
1526860800,1526947199,0.00207300,0.00209510,0.00194170,0.00195580,1366893.82000000
1526947200,1527033599,0.00195960,0.00197320,0.00182500,0.00184220,1423636.24000000
1527033600,1527119999,0.00184220,0.00194610,0.00173730,0.00177290,1680787.80000000
1527120000,1527206399,0.00177400,0.00195020,0.00175150,0.00190700,1469092.96000000
1527206400,1527292799,0.00190990,0.00191870,0.00180280,0.00184130,1547095.94000000
1527292800,1527379199,0.00184140,0.00185100,0.00178800,0.00179680,1161533.46000000
1527379200,1527465599,0.00179870,0.00180960,0.00170900,0.00174030,1456444.82000000
1527465600,1527551999,0.00174030,0.00174690,0.00157770,0.00163620,1400652.95000000
1527552000,1527638399,0.00163550,0.00182500,0.00160490,0.00175520,1237240.82000000
1527638400,1527724799,0.00175520,0.00176620,0.00163000,0.00167930,1002473.27000000
1527724800,1527811199,0.00167940,0.00175660,0.00163090,0.00169780,204983.87000000
1527811200,1527897599,0.00169780,0.00170170,0.00161120,0.00164240,103692.18000000
1527897600,1527983999,0.00164610,0.00168750,0.00162700,0.00166070,104524.22000000
1527984000,1528070399,0.00166060,0.00171390,0.00164060,0.00167220,114060.03000000
1528070400,1528156799,0.00167450,0.00169140,0.00158880,0.00159980,83211.58000000
1528156800,1528243199,0.00159480,0.00162000,0.00155550,0.00160270,95015.85000000
1528243200,1528329599,0.00160270,0.00161980,0.00152600,0.00154980,84459.37000000
1528329600,1528415999,0.00154980,0.00155300,0.00015530,0.00143470,273614.13000000
1528416000,1528502399,0.00142820,0.00156430,0.00140000,0.00147100,202330.64000000
1528502400,1528588799,0.00147130,0.00147130,0.00139100,0.00141240,72541.87000000
1528588800,1528675199,0.00141130,0.00144480,0.00128210,0.00131830,147808.68000000
1528675200,1528761599,0.00131840,0.00138460,0.00120500,0.00127820,118481.26000000
1528761600,1528847999,0.00127700,0.00130110,0.00111130,0.00122090,195282.68000000
1528848000,1528934399,0.00122090,0.00134000,0.00116000,0.00124800,130727.96000000
1528934400,1529020799,0.00124650,0.00134900,0.00122300,0.00132890,199778.87000000
1529020800,1529107199,0.00133070,0.00137210,0.00126000,0.00129100,95903.06000000
1529107200,1529193599,0.00129400,0.00130000,0.00125000,0.00126900,31420.96000000
1529193600,1529279999,0.00126900,0.00127420,0.00121020,0.00122660,37861.22000000
1529280000,1529366399,0.00122340,0.00123770,0.00115130,0.00117080,88297.39000000
1529366400,1529452799,0.00116900,0.00123770,0.00112910,0.00117810,93048.49000000
1529452800,1529539199,0.00118400,0.00118530,0.00108730,0.00113700,67644.58000000
1529539200,1529625599,0.00114210,0.00119100,0.00107640,0.00109650,86263.58000000
1529625600,1529711999,0.00109650,0.00109910,0.00096700,0.00097850,134252.69000000
1529712000,1529798399,0.00097840,0.00101440,0.00088000,0.00088670,129431.89000000
1529798400,1529884799,0.00089170,0.00092830,0.00080500,0.00091870,207686.34000000
1529884800,1529971199,0.00091860,0.00101550,0.00086890,0.00097560,165783.67000000
1529971200,1530057599,0.00097720,0.00106000,0.00066920,0.00090760,188029.08000000
1530057600,1530143999,0.00090350,0.00101800,0.00089250,0.00099000,130405.95000000
1530144000,1530230399,0.00099000,0.00100000,0.00095150,0.00095250,109762.52000000
1530230400,1530316799,0.00095450,0.00114450,0.00095430,0.00103400,103008.90000000
1530316800,1530403199,0.00103380,0.00127050,0.00103380,0.00124360,173218.88000000
1530403200,1530489599,0.00124360,0.00142680,0.00118950,0.00141300,282214.76000000
1530489600,1530575999,0.00141300,0.00142000,0.00124010,0.00130460,119063.91000000
1530576000,1530662399,0.00130950,0.00135270,0.00122110,0.00122830,96112.99000000
1530662400,1530748799,0.00122920,0.00132000,0.00119770,0.00125350,71910.62000000
1530748800,1530835199,0.00125350,0.00125370,0.00119180,0.00122660,36792.38000000
1530835200,1530921599,0.00122660,0.00126100,0.00108430,0.00121100,154038.63000000
1530921600,1531007999,0.00120460,0.00122320,0.00114000,0.00119690,31203.62000000
1531008000,1531094399,0.00119910,0.00122710,0.00111500,0.00114930,64939.65000000
1531094400,1531180799,0.00114770,0.00117750,0.00110050,0.00110050,42156.63000000
1531180800,1531267199,0.00110420,0.00114890,0.00099990,0.00100580,83293.81000000
1531267200,1531353599,0.00100570,0.00104280,0.00095540,0.00099540,67065.66000000
1531353600,1531439999,0.00099570,0.00103000,0.00095010,0.00099760,45379.80000000
1531440000,1531526399,0.00099480,0.00112440,0.00099480,0.00104300,87333.39000000
1531526400,1531612799,0.00104300,0.00107000,0.00098890,0.00102060,34420.31000000
1531612800,1531699199,0.00101560,0.00106600,0.00100170,0.00105730,37918.64000000
1531699200,1531785599,0.00105740,0.00106500,0.00101390,0.00103080,42911.25000000
1531785600,1531871999,0.00103570,0.00105350,0.00099200,0.00101310,65850.72000000
1531872000,1531958399,0.00101310,0.00105800,0.00096840,0.00097880,80302.90000000
1531958400,1532044799,0.00098100,0.00098990,0.00090420,0.00091660,38721.39000000
1532044800,1532131199,0.00091880,0.00096030,0.00084280,0.00086590,48546.69000000
1532131200,1532217599,0.00086590,0.00096550,0.00085270,0.00090090,51667.93000000
1532217600,1532303999,0.00090090,0.00091340,0.00084400,0.00085120,47946.50000000
1532304000,1532390399,0.00085120,0.00087210,0.00076130,0.00077510,70847.00000000
1532390400,1532476799,0.00077800,0.00081100,0.00070080,0.00070800,126354.70000000
1532476800,1532563199,0.00070810,0.00075750,0.00070330,0.00073560,124564.16000000
1532563200,1532649599,0.00073550,0.00080000,0.00068860,0.00069860,129009.06000000
1532649600,1532735999,0.00069860,0.00073290,0.00068200,0.00068900,81517.37000000
1532736000,1532822399,0.00068900,0.00071500,0.00066900,0.00067620,74178.35000000
1532822400,1532908799,0.00067500,0.00072990,0.00066900,0.00070990,68856.88000000
1532908800,1532995199,0.00070430,0.00072130,0.00065150,0.00065890,70065.06000000
1532995200,1533081599,0.00065890,0.00067700,0.00058930,0.00061210,138120.17000000
1533081600,1533167999,0.00061030,0.00080160,0.00059350,0.00071650,526347.55000000
1533168000,1533254399,0.00071330,0.00072990,0.00065070,0.00066080,152297.38000000
1533254400,1533340799,0.00066300,0.00067110,0.00060500,0.00063120,125190.79000000
1533340800,1533427199,0.00063310,0.00068290,0.00062550,0.00066330,41359.74000000
1533427200,1533513599,0.00066170,0.00068980,0.00065490,0.00066860,26248.86000000
1533513600,1533599999,0.00066890,0.00069120,0.00065320,0.00066200,36580.33000000
1533600000,1533686399,0.00066200,0.00069040,0.00064950,0.00066870,41094.63000000
1533686400,1533772799,0.00066870,0.00075470,0.00063520,0.00071890,140107.62000000
1533772800,1533859199,0.00071900,0.00072370,0.00063230,0.00068740,121451.91000000
1533859200,1533945599,0.00069230,0.00070280,0.00066000,0.00067300,54462.50000000
1533945600,1534031999,0.00067590,0.00070270,0.00065910,0.00066490,60632.88000000
1534032000,1534118399,0.00067010,0.00067500,0.00062250,0.00063260,43589.97000000
1534118400,1534204799,0.00063250,0.00064140,0.00057000,0.00057410,85432.45000000
1534204800,1534291199,0.00057660,0.00060100,0.00041710,0.00050780,395404.09000000
1534291200,1534377599,0.00050770,0.00058740,0.00049010,0.00053250,208074.54000000
1534377600,1534463999,0.00053220,0.00072500,0.00053030,0.00069060,378977.38000000
1534464000,1534550399,0.00069060,0.00108000,0.00068020,0.00082980,1326104.23000000
1534550400,1534636799,0.00082980,0.00093420,0.00080100,0.00083850,232264.81000000
1534636800,1534723199,0.00083850,0.00088070,0.00080100,0.00081900,106785.77000000
1534723200,1534809599,0.00082010,0.00083870,0.00072400,0.00073130,96333.41000000
1534809600,1534895999,0.00073010,0.00078200,0.00068340,0.00077940,84027.55000000
1534896000,1534982399,0.00077940,0.00079940,0.00070000,0.00071720,88844.11000000
1534982400,1535068799,0.00071270,0.00078790,0.00070820,0.00075800,55052.19000000
1535068800,1535155199,0.00075550,0.00076850,0.00069060,0.00070600,179129.90000000
1535155200,1535241599,0.00070860,0.00070860,0.00066500,0.00067710,96689.87000000
1535241600,1535327999,0.00067710,0.00068250,0.00066360,0.00067050,76281.54000000
1535328000,1535414399,0.00067050,0.00072190,0.00064560,0.00069910,105840.44000000
1535414400,1535500799,0.00069910,0.00070670,0.00065000,0.00066800,228019.81000000
1535500800,1535587199,0.00066800,0.00068300,0.00064000,0.00064180,143536.20000000
1535587200,1535673599,0.00064010,0.00065340,0.00060840,0.00061990,111008.83000000
1535673600,1535759999,0.00061720,0.00062450,0.00060260,0.00061050,85938.02000000
1535760000,1535846399,0.00060830,0.00065800,0.00060260,0.00061720,163051.44000000
1535846400,1535932799,0.00061730,0.00062590,0.00059100,0.00059330,89169.61000000
1535932800,1536019199,0.00059540,0.00063000,0.00057790,0.00059470,93298.56000000
1536019200,1536105599,0.00059250,0.00064480,0.00059220,0.00062170,120787.67000000
1536105600,1536191999,0.00062170,0.00062550,0.00058770,0.00059260,122729.11000000
1536192000,1536278399,0.00059070,0.00062300,0.00058450,0.00062000,116068.94000000
1536278400,1536364799,0.00061980,0.00065850,0.00060880,0.00063710,236834.41000000
1536364800,1536451199,0.00063870,0.00065730,0.00059040,0.00059740,165971.29000000
1536451200,1536537599,0.00059890,0.00060600,0.00057860,0.00059210,96724.41000000
1536537600,1536623999,0.00059210,0.00060150,0.00056340,0.00057340,70098.96000000
1536624000,1536710399,0.00056900,0.00058500,0.00050000,0.00052480,175186.52000000
1536710400,1536796799,0.00052500,0.00052780,0.00047770,0.00050260,107038.58000000
1536796800,1536883199,0.00050400,0.00053370,0.00049970,0.00052910,96684.48000000
1536883200,1536969599,0.00053240,0.00053240,0.00047060,0.00049720,99167.72000000
1536969600,1537055999,0.00049700,0.00062400,0.00049210,0.00054010,550374.10000000
1537056000,1537142399,0.00054010,0.00055710,0.00051770,0.00053290,180880.74000000
1537142400,1537228799,0.00053350,0.00053970,0.00049220,0.00050060,148261.42000000
1537228800,1537315199,0.00050040,0.00050490,0.00047510,0.00049730,135003.98000000
1537315200,1537401599,0.00049730,0.00050790,0.00046350,0.00047260,127449.52000000
1537401600,1537487999,0.00047260,0.00048490,0.00046410,0.00047820,145179.46000000
1537488000,1537574399,0.00047820,0.00050470,0.00045160,0.00047310,456113.02000000
1537574400,1537660799,0.00047400,0.00047780,0.00045720,0.00046510,135162.65000000
1537660800,1537747199,0.00046510,0.00052310,0.00045340,0.00047060,366113.94000000
1537747200,1537833599,0.00047180,0.00050190,0.00045910,0.00046500,217126.53000000
1537833600,1537919999,0.00046380,0.00047990,0.00045020,0.00047820,137274.93000000
1537920000,1538006399,0.00047800,0.00047990,0.00046020,0.00046680,116984.64000000
1538006400,1538092799,0.00046680,0.00050990,0.00046480,0.00048000,234308.06000000
1538092800,1538179199,0.00048000,0.00049510,0.00047080,0.00047810,158572.40000000
1538179200,1538265599,0.00047900,0.00049490,0.00047510,0.00048430,96631.51000000
1538265600,1538351999,0.00048260,0.00049270,0.00047810,0.00048360,92011.36000000
1538352000,1538438399,0.00048410,0.00048780,0.00045270,0.00048100,195976.60000000
1538438400,1538524799,0.00048100,0.00049490,0.00048000,0.00048460,147001.11000000
1538524800,1538611199,0.00048740,0.00049430,0.00047570,0.00049100,109590.95000000
1538611200,1538697599,0.00048810,0.00051910,0.00048310,0.00049790,302286.08000000
1538697600,1538783999,0.00049630,0.00051890,0.00048050,0.00051380,158908.04000000
1538784000,1538870399,0.00051730,0.00051890,0.00049220,0.00050000,115172.27000000
1538870400,1538956799,0.00049820,0.00051930,0.00049250,0.00051400,132224.21000000
1538956800,1539043199,0.00051400,0.00057290,0.00050950,0.00056330,340587.13000000
1539043200,1539129599,0.00056330,0.00061570,0.00054810,0.00055700,714384.92000000
1539129600,1539215999,0.00055550,0.00056500,0.00053290,0.00054720,248528.32000000
1539216000,1539302399,0.00054690,0.00054690,0.00048990,0.00049140,193186.07000000
1539302400,1539388799,0.00049060,0.00054000,0.00047530,0.00050840,149591.20000000
1539388800,1539475199,0.00050670,0.00054370,0.00050180,0.00051490,118453.70000000
1539475200,1539561599,0.00051350,0.00053800,0.00050010,0.00051160,114897.46000000
1539561600,1539647999,0.00051160,0.00051910,0.00047570,0.00050530,146835.53000000
1539648000,1539734399,0.00050580,0.00051810,0.00049900,0.00050200,85978.51000000
1539734400,1539820799,0.00050200,0.00051420,0.00049900,0.00050450,87059.46000000
1539820800,1539907199,0.00050440,0.00053570,0.00048980,0.00050030,195230.92000000
1539907200,1539993599,0.00050030,0.00053430,0.00049210,0.00052370,162201.17000000
1539993600,1540079999,0.00052370,0.00054860,0.00052090,0.00054400,147583.81000000
1540080000,1540166399,0.00054240,0.00054370,0.00052110,0.00052360,95846.34000000
1540166400,1540252799,0.00052360,0.00053830,0.00051130,0.00052950,117402.71000000
1540252800,1540339199,0.00052960,0.00053360,0.00051550,0.00052760,89011.68000000
1540339200,1540425599,0.00052500,0.00058450,0.00052400,0.00054260,321838.98000000
1540425600,1540511999,0.00054270,0.00054690,0.00052050,0.00052580,128184.09000000
1540512000,1540598399,0.00052270,0.00054000,0.00051150,0.00052820,80409.14000000
1540598400,1540684799,0.00052810,0.00055770,0.00051810,0.00052580,150270.48000000
1540684800,1540771199,0.00052540,0.00053540,0.00052320,0.00053350,58026.25000000
1540771200,1540857599,0.00053560,0.00057700,0.00052440,0.00054230,322792.88000000
1540857600,1540943999,0.00054250,0.00056190,0.00054000,0.00054900,154939.51000000
1540944000,1541030399,0.00054850,0.00060490,0.00053910,0.00058290,284638.07000000
1541030400,1541116799,0.00058290,0.00060390,0.00056690,0.00059270,197994.50000000
1541116800,1541203199,0.00059160,0.00059370,0.00056970,0.00057600,79889.13000000
1541203200,1541289599,0.00057460,0.00059210,0.00057290,0.00058450,74666.60000000
1541289600,1541375999,0.00058210,0.00059520,0.00053660,0.00054130,185489.82000000
1541376000,1541462399,0.00054130,0.00056700,0.00053410,0.00054080,103415.53000000
1541462400,1541548799,0.00053960,0.00054560,0.00051100,0.00053090,132884.31000000
1541548800,1541635199,0.00053090,0.00055960,0.00052900,0.00054050,103648.39000000
1541635200,1541721599,0.00054040,0.00054250,0.00052000,0.00052820,74107.55000000
1541721600,1541807999,0.00052800,0.00054090,0.00051160,0.00052640,50494.45000000
1541808000,1541894399,0.00052550,0.00053500,0.00051850,0.00053180,41656.50000000
1541894400,1541980799,0.00052950,0.00058990,0.00051640,0.00053550,438039.88000000
1541980800,1542067199,0.00053370,0.00056800,0.00052630,0.00052680,206031.10000000
1542067200,1542153599,0.00052870,0.00053160,0.00048180,0.00049570,148279.34000000
1542153600,1542239999,0.00049520,0.00050290,0.00045900,0.00048570,171901.46000000
1542240000,1542326399,0.00048570,0.00048810,0.00044060,0.00047930,223321.77000000
1542326400,1542412799,0.00047870,0.00048920,0.00046000,0.00046490,68306.99000000
1542412800,1542499199,0.00046330,0.00047220,0.00044910,0.00045900,39025.38000000
1542499200,1542585599,0.00045900,0.00048500,0.00045800,0.00046630,59297.55000000
1542585600,1542671999,0.00046600,0.00047000,0.00039230,0.00041590,257473.23000000
1542672000,1542758399,0.00041590,0.00043380,0.00034760,0.00037210,467290.41000000
1542758400,1542844799,0.00037210,0.00043200,0.00036200,0.00041520,264978.22000000
1542844800,1542931199,0.00041590,0.00045000,0.00038750,0.00038930,128877.03000000
1542931200,1543017599,0.00038930,0.00040340,0.00037170,0.00037680,101443.73000000
1543017600,1543103999,0.00037680,0.00039970,0.00037200,0.00039370,148407.51000000
1543104000,1543190399,0.00039360,0.00040540,0.00035420,0.00039050,189347.36000000
1543190400,1543276799,0.00038940,0.00039200,0.00036200,0.00037860,89843.72000000
1543276800,1543363199,0.00037790,0.00039690,0.00036920,0.00038930,91512.52000000
1543363200,1543449599,0.00039150,0.00046500,0.00038020,0.00043730,355346.30000000
1543449600,1543535999,0.00043580,0.00047130,0.00041930,0.00042650,273528.15000000
1543536000,1543622399,0.00042830,0.00044210,0.00040580,0.00042840,136275.62000000
1543622400,1543708799,0.00042850,0.00045020,0.00041550,0.00044390,155259.50000000
1543708800,1543795199,0.00044440,0.00044440,0.00041000,0.00041990,81519.73000000
1543795200,1543881599,0.00041920,0.00041990,0.00038890,0.00040790,201568.43000000
1543881600,1543967999,0.00040930,0.00046690,0.00040390,0.00042680,196332.53000000
1543968000,1544054399,0.00042640,0.00043840,0.00040550,0.00040840,103473.84000000
1544054400,1544140799,0.00040840,0.00042240,0.00038210,0.00038910,128740.28000000
1544140800,1544227199,0.00038670,0.00041450,0.00036000,0.00039100,172940.66000000
1544227200,1544313599,0.00039090,0.00039490,0.00036550,0.00036930,88045.66000000
1544313600,1544399999,0.00036920,0.00037770,0.00036120,0.00036260,70460.96000000
1544400000,1544486399,0.00036270,0.00036810,0.00034810,0.00035200,112527.70000000
1544486400,1544572799,0.00035200,0.00036120,0.00033360,0.00033760,144362.51000000
1544572800,1544659199,0.00033970,0.00036040,0.00033800,0.00034460,82047.96000000
1544659200,1544745599,0.00034360,0.00035300,0.00033500,0.00033680,100400.39000000
1544745600,1544831999,0.00033620,0.00035570,0.00033500,0.00034040,91085.35000000
1544832000,1544918399,0.00033840,0.00034350,0.00033060,0.00034150,59332.15000000
1544918400,1545004799,0.00034160,0.00036500,0.00034060,0.00035000,112443.82000000
1545004800,1545091199,0.00034900,0.00036400,0.00034640,0.00035740,115562.63000000
1545091200,1545177599,0.00035630,0.00036610,0.00035240,0.00035610,82553.99000000
1545177600,1545263999,0.00035680,0.00043230,0.00035610,0.00037330,501949.08000000
1545264000,1545350399,0.00037490,0.00040500,0.00036800,0.00038420,215805.43000000
1545350400,1545436799,0.00038420,0.00039050,0.00036490,0.00037590,134431.03000000
1545436800,1545523199,0.00037480,0.00038330,0.00036990,0.00038030,56315.71000000
1545523200,1545609599,0.00038260,0.00041070,0.00037330,0.00038430,174003.83000000
1545609600,1545695999,0.00038440,0.00048820,0.00038010,0.00045160,712429.92000000
1545696000,1545782399,0.00045190,0.00054990,0.00042330,0.00045610,1406749.33000000
1545782400,1545868799,0.00045620,0.00045710,0.00041710,0.00041960,268124.03000000
1545868800,1545955199,0.00042040,0.00043730,0.00038140,0.00038420,211559.72000000
1545955200,1546041599,0.00038420,0.00040510,0.00038200,0.00040110,115919.02000000
1546041600,1546127999,0.00039990,0.00042000,0.00039360,0.00039910,117754.36000000
1546128000,1546214399,0.00039830,0.00042000,0.00039000,0.00041180,102541.48000000
1546214400,1546300799,0.00041180,0.00041940,0.00037870,0.00039360,313829.75000000
1546300800,1546387199,0.00039370,0.00040510,0.00038600,0.00038600,131638.73000000
1546387200,1546473599,0.00038630,0.00039940,0.00038630,0.00039040,101643.27000000
1546473600,1546559999,0.00039220,0.00039300,0.00038110,0.00038140,77908.40000000
1546560000,1546646399,0.00038360,0.00039630,0.00037790,0.00037950,129105.69000000
1546646400,1546732799,0.00037930,0.00042280,0.00037930,0.00039140,480837.71000000
1546732800,1546819199,0.00039140,0.00040670,0.00038220,0.00038760,150158.33000000
1546819200,1546905599,0.00038670,0.00039560,0.00037910,0.00038480,160608.18000000
1546905600,1546991999,0.00038310,0.00038740,0.00037200,0.00037580,124938.37000000
1546992000,1547078399,0.00037680,0.00038480,0.00037270,0.00038020,100734.83000000
1547078400,1547164799,0.00038100,0.00038100,0.00034470,0.00035210,269916.49000000
1547164800,1547251199,0.00035000,0.00036270,0.00034700,0.00035280,84299.71000000
1547251200,1547337599,0.00035280,0.00036500,0.00034520,0.00035660,101110.95000000
1547337600,1547423999,0.00035800,0.00045210,0.00035560,0.00037570,1773751.57000000
1547424000,1547510399,0.00037600,0.00039750,0.00036370,0.00037600,495801.69000000
1547510400,1547596799,0.00037610,0.00037790,0.00035900,0.00036060,313607.17000000
1547596800,1547683199,0.00036100,0.00038000,0.00035560,0.00036760,251571.80000000
1547683200,1547769599,0.00036660,0.00037410,0.00035990,0.00036600,174284.38000000
1547769600,1547855999,0.00036600,0.00036990,0.00035360,0.00036720,210797.84000000
1547856000,1547942399,0.00036720,0.00037730,0.00036140,0.00036790,199562.55000000
1547942400,1548028799,0.00036790,0.00037400,0.00035700,0.00036190,184915.03000000
1548028800,1548115199,0.00036260,0.00038240,0.00035870,0.00037750,289017.12000000
1548115200,1548201599,0.00037730,0.00038790,0.00035750,0.00036600,331609.92000000
1548201600,1548287999,0.00036650,0.00037260,0.00035790,0.00036200,174197.69000000
1548288000,1548374399,0.00036200,0.00039070,0.00034910,0.00036770,599125.66000000
1548374400,1548460799,0.00036630,0.00037080,0.00036150,0.00036760,132078.38000000
1548460800,1548547199,0.00036680,0.00041570,0.00036080,0.00037730,794139.21000000
1548547200,1548633599,0.00037730,0.00038000,0.00036060,0.00036520,199917.23000000
1548633600,1548719999,0.00036450,0.00036700,0.00034150,0.00035760,214315.81000000
1548720000,1548806399,0.00035790,0.00036730,0.00034200,0.00035120,131119.67000000
1548806400,1548892799,0.00034990,0.00035870,0.00034350,0.00035300,96927.93000000
1548892800,1548979199,0.00035120,0.00035810,0.00033620,0.00034430,95102.07000000
1548979200,1549065599,0.00034690,0.00035570,0.00033790,0.00034400,71118.19000000
1549065600,1549151999,0.00034400,0.00034980,0.00033800,0.00034600,50012.72000000
1549152000,1549238399,0.00034510,0.00034990,0.00033830,0.00034200,69234.99000000
1549238400,1549324799,0.00034210,0.00035600,0.00033840,0.00034460,111213.53000000
1549324800,1549411199,0.00034310,0.00034550,0.00033560,0.00033710,96618.33000000
1549411200,1549497599,0.00033710,0.00037680,0.00033160,0.00034460,460547.82000000
1549497600,1549583999,0.00034460,0.00034880,0.00033820,0.00034580,184820.20000000
1549584000,1549670399,0.00034530,0.00037450,0.00034030,0.00034160,362993.61000000
1549670400,1549756799,0.00034170,0.00035890,0.00034000,0.00035230,165083.84000000
1549756800,1549843199,0.00035230,0.00036740,0.00034630,0.00035350,308311.11000000
1549843200,1549929599,0.00035350,0.00035350,0.00033330,0.00034080,498833.24000000
1549929600,1550015999,0.00034090,0.00034320,0.00033410,0.00033550,129626.95000000
1550016000,1550102399,0.00033600,0.00034540,0.00033130,0.00033780,279878.57000000
1550102400,1550188799,0.00033770,0.00034300,0.00033040,0.00033330,137269.08000000
1550188800,1550275199,0.00033330,0.00034270,0.00033100,0.00034100,215533.10000000
1550275200,1550361599,0.00034030,0.00034550,0.00033470,0.00034220,249136.31000000
1550361600,1550447999,0.00034360,0.00036250,0.00033910,0.00035730,515846.69000000
1550448000,1550534399,0.00035800,0.00036250,0.00034360,0.00034600,308764.02000000
1550534400,1550620799,0.00034620,0.00034860,0.00033620,0.00033930,163133.99000000
1550620800,1550707199,0.00033930,0.00034410,0.00033300,0.00033890,175512.40000000
1550707200,1550793599,0.00033900,0.00034500,0.00032520,0.00033370,153084.48000000
1550793600,1550879999,0.00033390,0.00033420,0.00020000,0.00032020,338067.77000000
1550880000,1550966399,0.00031980,0.00032440,0.00031040,0.00031360,207792.48000000
1550966400,1551052799,0.00031250,0.00032230,0.00029940,0.00030290,183147.46000000
1551052800,1551139199,0.00030300,0.00031220,0.00028900,0.00030210,261917.80000000
1551139200,1551225599,0.00030370,0.00031760,0.00030000,0.00031600,190200.96000000
1551225600,1551311999,0.00031610,0.00032590,0.00030490,0.00030860,213418.97000000
1551312000,1551398399,0.00031020,0.00031480,0.00030300,0.00030470,121925.30000000
1551398400,1551484799,0.00030470,0.00031230,0.00030440,0.00031110,99260.70000000
1551484800,1551571199,0.00031080,0.00032180,0.00030670,0.00031010,238556.56000000
1551571200,1551657599,0.00031010,0.00033330,0.00030960,0.00033000,249921.89000000
1551657600,1551743999,0.00033000,0.00037640,0.00031300,0.00032100,1193922.53000000
1551744000,1551830399,0.00032100,0.00032640,0.00031240,0.00031860,289353.84000000
1551830400,1551916799,0.00031860,0.00032220,0.00031200,0.00031420,117079.72000000
1551916800,1552003199,0.00031390,0.00032600,0.00031000,0.00031990,397723.33000000
1552003200,1552089599,0.00032000,0.00032280,0.00031050,0.00031170,195539.61000000
1552089600,1552175999,0.00031190,0.00032220,0.00031040,0.00031900,204339.92000000
1552176000,1552262399,0.00031900,0.00032660,0.00031690,0.00032350,196311.92000000
1552262400,1552348799,0.00032350,0.00032440,0.00031370,0.00031640,203653.89000000
1552348800,1552435199,0.00031770,0.00036970,0.00031550,0.00033380,1174548.10000000
1552435200,1552521599,0.00033290,0.00035400,0.00032700,0.00033050,484909.06000000
1552521600,1552607999,0.00032980,0.00037470,0.00032500,0.00036710,1146661.99000000
1552608000,1552694399,0.00036700,0.00040170,0.00034600,0.00035710,1448455.39000000
1552694400,1552780799,0.00035700,0.00037480,0.00034220,0.00035990,492267.10000000
1552780800,1552867199,0.00035930,0.00036450,0.00034010,0.00035970,237545.39000000
1552867200,1552953599,0.00036000,0.00036920,0.00035630,0.00036580,288586.97000000
1552953600,1553039999,0.00036580,0.00036750,0.00035440,0.00035840,185082.93000000
1553040000,1553126399,0.00035830,0.00036150,0.00035110,0.00035550,139571.44000000
1553126400,1553212799,0.00035660,0.00036150,0.00034000,0.00034520,266498.76000000
1553212800,1553299199,0.00034460,0.00035220,0.00034290,0.00035160,113396.57000000
1553299200,1553385599,0.00035160,0.00036110,0.00034910,0.00035560,160420.58000000
1553385600,1553471999,0.00035500,0.00036950,0.00035450,0.00035730,234372.02000000
1553472000,1553558399,0.00035780,0.00035970,0.00034680,0.00035230,204036.98000000
1553558400,1553644799,0.00035220,0.00036830,0.00034580,0.00036020,470802.43000000
1553644800,1553731199,0.00036130,0.00039180,0.00035780,0.00036700,826679.73000000
1553731200,1553817599,0.00036700,0.00037800,0.00036120,0.00037000,407091.62000000
1553817600,1553903999,0.00037070,0.00037690,0.00036000,0.00036510,375108.78000000
1553904000,1553990399,0.00036510,0.00037850,0.00036090,0.00037100,416744.52000000
1553990400,1554076799,0.00037100,0.00038470,0.00036230,0.00037900,578017.64000000
1554076800,1554163199,0.00037780,0.00039500,0.00037410,0.00038520,949945.30000000
1554163200,1554249599,0.00038540,0.00039390,0.00031850,0.00036140,1149283.86000000
1554249600,1554335999,0.00036140,0.00036730,0.00032110,0.00032740,720787.33000000
1554336000,1554422399,0.00032770,0.00033660,0.00031910,0.00032320,353207.52000000
1554422400,1554508799,0.00032310,0.00033530,0.00031970,0.00033080,284354.62000000
1554508800,1554595199,0.00033160,0.00033600,0.00030290,0.00031780,450779.56000000
1554595200,1554681599,0.00031800,0.00032680,0.00031580,0.00032110,297445.82000000
1554681600,1554767999,0.00032110,0.00033730,0.00030540,0.00030660,363675.39000000
1554768000,1554854399,0.00030660,0.00031570,0.00030000,0.00030840,198023.86000000
1554854400,1554940799,0.00030740,0.00030860,0.00028200,0.00028470,352455.83000000
1554940800,1555027199,0.00028400,0.00034150,0.00027200,0.00031360,1598130.22000000
1555027200,1555113599,0.00031360,0.00032590,0.00029830,0.00030250,439538.54000000
1555113600,1555199999,0.00030190,0.00030470,0.00029250,0.00029420,140931.75000000
1555200000,1555286399,0.00029470,0.00029780,0.00029230,0.00029380,144009.24000000
1555286400,1555372799,0.00029320,0.00029400,0.00027800,0.00028390,179676.38000000
1555372800,1555459199,0.00028300,0.00028640,0.00027320,0.00027870,124318.60000000
1555459200,1555545599,0.00027870,0.00028060,0.00026800,0.00027830,160197.83000000
1555545600,1555631999,0.00027890,0.00028030,0.00027090,0.00027330,155022.24000000
1555632000,1555718399,0.00027340,0.00027860,0.00026840,0.00027130,194283.85000000
1555718400,1555804799,0.00027130,0.00027350,0.00025920,0.00026290,197398.23000000
1555804800,1555891199,0.00026300,0.00026570,0.00024020,0.00025470,237310.44000000
1555891200,1555977599,0.00025380,0.00025820,0.00024710,0.00024930,151368.88000000
1555977600,1556063999,0.00025020,0.00025680,0.00023150,0.00023670,152921.08000000
1556064000,1556150399,0.00023670,0.00023970,0.00021350,0.00022340,184012.13000000
1556150400,1556236799,0.00022360,0.00024500,0.00022360,0.00022850,218598.79000000
1556236800,1556323199,0.00022860,0.00023000,0.00021730,0.00021780,142446.08000000
1556323200,1556409599,0.00021880,0.00022790,0.00021850,0.00022440,140947.33000000
1556409600,1556495999,0.00022440,0.00023910,0.00021850,0.00022000,135351.10000000
1556496000,1556582399,0.00022060,0.00022230,0.00020770,0.00020860,139687.23000000
1556582400,1556668799,0.00020960,0.00021460,0.00020500,0.00021280,152742.60000000
1556668800,1556755199,0.00021260,0.00021560,0.00020010,0.00020520,430108.40000000
1556755200,1556841599,0.00020510,0.00020690,0.00019320,0.00020060,419389.66000000
1556841600,1556927999,0.00020050,0.00020070,0.00017890,0.00018190,412010.86000000
1556928000,1557014399,0.00018190,0.00018510,0.00016940,0.00017100,227764.67000000
1557014400,1557100799,0.00017100,0.00017380,0.00016640,0.00016830,214635.47000000
1557100800,1557187199,0.00016710,0.00018560,0.00016710,0.00017850,476833.65000000
1557187200,1557273599,0.00017950,0.00018200,0.00016720,0.00017030,178745.04000000
1557273600,1557359999,0.00017060,0.00017070,0.00016510,0.00016710,67272.67000000
1557360000,1557446399,0.00016610,0.00016780,0.00014650,0.00014860,203658.35000000
1557446400,1557532799,0.00014790,0.00017440,0.00014090,0.00015900,293983.37000000
1557532800,1557619199,0.00015910,0.00016700,0.00014780,0.00015130,204950.31000000
1557619200,1557705599,0.00015110,0.00015190,0.00014080,0.00014410,87151.70000000
1557705600,1557791999,0.00014360,0.00015620,0.00012570,0.00012980,213517.35000000
1557792000,1557878399,0.00013030,0.00014000,0.00012280,0.00012540,396255.26000000
1557878400,1557964799,0.00012570,0.00014430,0.00012300,0.00013840,754327.70000000
1557964800,1558051199,0.00013910,0.00014680,0.00013220,0.00013510,913521.14000000
1558051200,1558137599,0.00013510,0.00013650,0.00012710,0.00013140,594526.79000000
1558137600,1558223999,0.00013150,0.00014480,0.00012920,0.00013790,675217.10000000
1558224000,1558310399,0.00013790,0.00014390,0.00012210,0.00012520,879941.02000000
1558310400,1558396799,0.00012390,0.00012600,0.00011970,0.00012110,539666.33000000
1558396800,1558483199,0.00012110,0.00012990,0.00012090,0.00012750,511596.35000000
1558483200,1558569599,0.00012720,0.00015360,0.00012510,0.00013650,1417259.65000000
1558569600,1558655999,0.00013650,0.00014350,0.00013110,0.00013330,781432.08000000
1558656000,1558742399,0.00013400,0.00013920,0.00012720,0.00013080,862682.52000000
1558742400,1558828799,0.00013080,0.00013190,0.00012320,0.00012630,431578.15000000
1558828800,1558915199,0.00012620,0.00012950,0.00011180,0.00011290,640574.86000000
1558915200,1559001599,0.00011290,0.00011720,0.00011070,0.00011610,405263.23000000
1559001600,1559087999,0.00011550,0.00012210,0.00011240,0.00011520,518659.08000000
1559088000,1559174399,0.00011470,0.00012430,0.00011310,0.00012190,758326.22000000
1559174400,1559260799,0.00012200,0.00012330,0.00011240,0.00011740,620894.55000000
1559260800,1559347199,0.00011750,0.00013110,0.00011410,0.00011670,955861.76000000
1559347200,1559433599,0.00011670,0.00011810,0.00011000,0.00011250,350471.04000000
1559433600,1559519999,0.00011260,0.00011430,0.00011080,0.00011310,318178.81000000
1559520000,1559606399,0.00011310,0.00012350,0.00011190,0.00011360,697436.78000000
1559606400,1559692799,0.00011310,0.00012350,0.00011200,0.00012200,528098.62000000
1559692800,1559779199,0.00012160,0.00012490,0.00011630,0.00011710,474242.72000000
1559779200,1559865599,0.00011730,0.00012330,0.00011730,0.00011870,380208.94000000
1559865600,1559951999,0.00011900,0.00012730,0.00011690,0.00012240,401177.58000000
1559952000,1560038399,0.00012270,0.00014370,0.00012190,0.00014100,903450.85000000
1560038400,1560124799,0.00014140,0.00014430,0.00012760,0.00013000,1112880.44000000
1560124800,1560211199,0.00013050,0.00015620,0.00012960,0.00014230,2120564.81000000
1560211200,1560297599,0.00014290,0.00016160,0.00013940,0.00014810,1575094.83000000
1560297600,1560383999,0.00014770,0.00015000,0.00013870,0.00014320,835876.31000000
1560384000,1560470399,0.00014420,0.00015500,0.00013310,0.00013450,737524.46000000
1560470400,1560556799,0.00013390,0.00013630,0.00011480,0.00011610,810344.59000000
1560556800,1560643199,0.00011580,0.00012100,0.00011100,0.00011370,820421.24000000
1560643200,1560729599,0.00011370,0.00011420,0.00010260,0.00010760,563981.28000000
1560729600,1560815999,0.00010800,0.00011800,0.00010160,0.00010210,678823.16000000
1560816000,1560902399,0.00010240,0.00010790,0.00010190,0.00010710,477639.67000000
1560902400,1560988799,0.00010700,0.00011650,0.00010320,0.00010440,424093.83000000
1560988800,1561075199,0.00010430,0.00010570,0.00009490,0.00009740,488583.35000000
1561075200,1561161599,0.00009770,0.00009810,0.00008740,0.00008770,406368.76000000
1561161600,1561247999,0.00008790,0.00008910,0.00007790,0.00008050,718255.27000000
1561248000,1561334399,0.00008100,0.00010510,0.00007810,0.00008340,1908213.30000000
1561334400,1561420799,0.00008360,0.00009440,0.00008250,0.00008310,838441.27000000
1561420800,1561507199,0.00008310,0.00008330,0.00007430,0.00007510,615395.75000000
1561507200,1561593599,0.00007520,0.00008240,0.00005800,0.00006120,1322783.40000000
